survived,pclass,age,sibsp,parch,fare,adult_male,alone,embarked_Q,embarked_S,class_Second,age_fare_ratio
0,3,22.0,1,0,7.25,1,0,0,1,0,2.6666666666666665
1,1,38.0,1,0,65.6563,0,0,0,0,0,0.5700886487848861
1,3,26.0,0,0,7.925,0,1,0,1,0,2.9131652661064424
1,1,35.0,1,0,53.1,0,0,0,1,0,0.6469500924214417
0,3,35.0,0,0,8.05,1,1,0,1,0,3.867403314917127
0,3,28.0,0,0,8.4583,1,1,1,0,0,2.960362855904338
0,1,54.0,0,0,51.8625,1,1,0,1,0,1.0215180893828328
0,3,2.5,3,1,21.075,0,0,0,1,0,0.11325028312570781
1,3,27.0,0,2,11.1333,0,0,0,1,0,2.2252808386836227
1,2,14.0,1,0,30.0708,0,0,0,0,1,0.4505838279027254
1,3,4.0,1,1,16.7,0,0,0,1,0,0.22598870056497175
1,1,54.5,0,0,26.55,0,1,0,1,0,1.9782214156079854
0,3,20.0,0,0,8.05,1,1,0,1,0,2.209944751381215
0,3,39.0,1,5,31.275,1,0,0,1,0,1.2083656080557708
0,3,14.0,0,0,7.8542,0,1,0,1,0,1.5811705179462856
1,2,54.5,0,0,16.0,0,1,0,1,1,3.2058823529411766
0,3,2.5,4,1,29.125,0,0,1,0,0,0.08298755186721991
1,2,28.0,0,0,13.0,1,1,0,1,1,2.0
0,3,31.0,1,0,18.0,0,0,0,1,0,1.631578947368421
1,3,28.0,0,0,7.225,0,1,0,0,0,3.404255319148936
0,2,35.0,0,0,26.0,1,1,0,1,1,1.2962962962962963
1,2,34.0,0,0,13.0,1,1,0,1,1,2.4285714285714284
1,3,15.0,0,0,8.0292,0,1,1,0,0,1.6612767465556197
1,1,28.0,0,0,35.5,1,1,0,1,0,0.7671232876712328
0,3,8.0,3,1,21.075,0,0,0,1,0,0.36240090600226504
1,3,38.0,1,5,31.3875,0,0,0,1,0,1.1732921651871864
0,3,28.0,0,0,7.225,1,1,0,0,0,3.404255319148936
0,1,19.0,3,2,65.6563,1,0,0,1,0,0.28504432439244304
1,3,28.0,0,0,7.8792,0,1,1,0,0,3.1534372465987923
0,3,28.0,0,0,7.8958,1,1,0,1,0,3.147552777715326
0,1,40.0,0,0,27.7208,1,1,0,0,0,1.3927188657697558
1,1,28.0,1,0,65.6563,0,0,0,0,0,0.4200653201572844
1,3,28.0,0,0,7.75,0,1,1,0,0,3.2
0,2,54.5,0,0,10.5,1,1,0,1,1,4.739130434782608
0,1,28.0,1,0,65.6563,1,0,0,0,0,0.4200653201572844
0,1,42.0,1,0,52.0,1,0,0,1,0,0.7924528301886793
1,3,28.0,0,0,7.2292,1,1,0,0,0,3.4025178632187822
0,3,21.0,0,0,8.05,1,1,0,1,0,2.320441988950276
0,3,18.0,2,0,18.0,0,0,0,1,0,0.9473684210526315
1,3,14.0,1,0,11.2417,0,0,0,0,0,1.1436320118937728
0,3,40.0,1,0,9.475,0,0,0,1,0,3.8186157517899764
0,2,27.0,1,0,21.0,0,0,0,1,1,1.2272727272727273
0,3,28.0,0,0,7.8958,1,1,0,0,0,3.147552777715326
1,2,3.0,1,2,41.5792,0,0,0,0,1,0.07045693672027657
1,3,19.0,0,0,7.8792,0,1,1,0,0,2.139832417334895
0,3,28.0,0,0,8.05,1,1,0,1,0,3.0939226519337013
0,3,28.0,1,0,15.5,1,0,1,0,0,1.696969696969697
1,3,28.0,0,0,7.75,0,1,1,0,0,3.2
0,3,28.0,2,0,21.6792,1,0,0,0,0,1.2346114501393346
0,3,18.0,1,0,17.8,0,0,0,1,0,0.9574468085106382
0,3,7.0,4,1,39.6875,0,0,0,1,0,0.17204301075268819
0,3,21.0,0,0,7.8,1,1,0,1,0,2.3863636363636362
1,1,49.0,1,0,65.6563,0,0,0,0,0,0.7351143102752478
1,2,29.0,1,0,26.0,0,0,0,1,1,1.0740740740740742
0,1,54.5,0,1,61.9792,1,0,0,0,0,0.8653650729129617
1,1,28.0,0,0,35.5,1,1,0,1,0,0.7671232876712328
1,2,21.0,0,0,10.5,0,1,0,1,1,1.826086956521739
0,3,28.5,0,0,7.2292,1,1,0,0,0,3.4632771107762608
1,2,5.0,1,2,27.75,0,0,0,1,1,0.17391304347826086
0,3,11.0,5,2,46.9,0,0,0,1,0,0.22964509394572025
0,3,22.0,0,0,7.2292,1,1,0,0,0,2.6734068925290435
0,1,45.0,1,0,65.6563,1,0,0,1,0,0.6751049788242072
0,3,4.0,3,2,27.9,0,0,0,1,0,0.1384083044982699
0,1,28.0,0,0,27.7208,1,1,0,0,0,0.974903206038829
1,3,28.0,1,1,15.2458,1,0,0,0,0,1.723522387324724
1,2,29.0,0,0,10.5,0,1,0,1,1,2.5217391304347827
0,3,19.0,0,0,8.1583,1,1,0,1,0,2.074620835744625
1,3,17.0,4,2,7.925,0,0,0,1,0,1.9047619047619047
0,3,26.0,2,0,8.6625,1,0,0,1,0,2.690815006468305
0,2,32.0,0,0,10.5,1,1,0,1,1,2.782608695652174
0,3,16.0,5,2,46.9,0,0,0,1,0,0.33402922755741127
0,2,21.0,0,0,65.6563,1,1,0,1,1,0.31504899011796333
0,3,26.0,1,0,14.4542,1,0,0,0,0,1.6823905475534158
1,3,32.0,0,0,56.4958,1,1,0,1,0,0.5565623923834436
0,3,25.0,0,0,7.65,1,1,0,1,0,2.890173410404624
0,3,28.0,0,0,7.8958,1,1,0,1,0,3.147552777715326
0,3,28.0,0,0,8.05,1,1,0,1,0,3.0939226519337013
1,2,2.5,0,2,29.0,0,0,0,1,1,0.08333333333333333
1,3,30.0,0,0,12.475,0,1,0,1,0,2.226345083487941
0,3,22.0,0,0,9.0,1,1,0,1,0,2.2
1,3,29.0,0,0,9.5,1,1,0,1,0,2.761904761904762
1,3,28.0,0,0,7.7875,0,1,1,0,0,3.186344238975818
0,1,28.0,0,0,47.1,1,1,0,1,0,0.5821205821205822
1,2,17.0,0,0,10.5,0,1,0,1,1,1.4782608695652173
1,3,33.0,3,0,15.85,0,0,0,1,0,1.9584569732937684
0,3,16.0,1,3,34.375,1,0,0,1,0,0.45229681978798586
0,3,28.0,0,0,8.05,1,1,0,1,0,3.0939226519337013
1,1,23.0,3,2,65.6563,0,0,0,1,0,0.34505365584348363
0,3,24.0,0,0,8.05,1,1,0,1,0,2.6519337016574585
0,3,29.0,0,0,8.05,1,1,0,1,0,3.2044198895027622
0,3,20.0,0,0,7.8542,1,1,0,1,0,2.258815025637551
0,1,46.0,1,0,61.175,1,0,0,1,0,0.7398472054684359
0,3,26.0,1,2,20.575,1,0,0,1,0,1.205098493626883
0,3,54.5,0,0,7.25,1,1,0,1,0,6.606060606060606
0,3,28.0,0,0,8.05,1,1,0,1,0,3.0939226519337013
0,1,54.5,0,0,34.6542,1,1,0,0,0,1.5285716689758848
1,1,23.0,0,1,63.3583,1,0,0,0,0,0.3573742625271333
1,2,34.0,0,1,23.0,0,0,0,1,1,1.4166666666666667
0,2,34.0,1,0,26.0,1,0,0,1,1,1.2592592592592593
0,3,28.0,0,0,7.8958,0,1,0,1,0,3.147552777715326
0,3,28.0,0,0,7.8958,1,1,0,1,0,3.147552777715326
0,1,21.0,0,1,65.6563,1,0,0,1,0,0.31504899011796333
0,3,33.0,0,0,8.6542,1,1,0,1,0,3.418201404570032
0,3,37.0,2,0,7.925,1,0,0,1,0,4.145658263305322
0,3,28.0,0,0,7.8958,1,1,0,1,0,3.147552777715326
1,3,21.0,0,0,7.65,0,1,0,1,0,2.4277456647398843
1,3,28.0,0,0,7.775,1,1,0,1,0,3.190883190883191
0,3,38.0,0,0,7.8958,1,1,0,1,0,4.271678769756513
1,3,28.0,1,0,24.15,0,0,1,0,0,1.1133200795228628
0,1,47.0,0,0,52.0,1,1,0,1,0,0.8867924528301887
0,3,14.5,1,0,14.4542,0,0,0,0,0,0.9382562669047896
0,3,22.0,0,0,8.05,1,1,0,1,0,2.430939226519337
0,3,20.0,1,0,9.825,0,0,0,1,0,1.8475750577367207
0,3,17.0,0,0,14.4583,0,1,0,0,0,1.0997328296125706
0,3,21.0,0,0,7.925,1,1,0,1,0,2.352941176470588
0,3,54.5,0,0,7.75,1,1,1,0,0,6.228571428571429
0,2,29.0,1,0,21.0,1,0,0,1,1,1.3181818181818181
0,1,24.0,0,1,65.6563,1,0,0,0,0,0.36005598870624383
0,3,2.5,4,2,31.275,0,0,0,1,0,0.07745933384972889
0,2,21.0,2,0,65.6563,1,0,0,1,1,0.31504899011796333
0,3,28.0,0,0,8.05,1,1,0,1,0,3.0939226519337013
0,2,32.5,1,0,30.0708,1,0,0,0,1,1.045998171917041
1,2,32.5,0,0,13.0,0,1,0,1,1,2.3214285714285716
0,1,54.0,0,1,65.6563,1,0,0,1,0,0.8101259745890486
1,3,12.0,1,0,11.2417,0,0,0,0,0,0.9802560101946626
0,3,28.0,0,0,7.75,1,1,1,0,0,3.2
1,3,24.0,0,0,7.1417,1,1,0,1,0,2.947787317145068
1,3,28.0,1,1,22.3583,0,0,0,0,0,1.1987173724115197
0,3,45.0,0,0,6.975,1,1,0,1,0,5.6426332288401255
0,3,33.0,0,0,7.8958,1,1,0,0,0,3.7096157737359197
0,3,20.0,0,0,7.05,1,1,0,1,0,2.484472049689441
0,3,47.0,1,0,14.5,0,0,0,1,0,3.032258064516129
1,2,29.0,1,0,26.0,0,0,0,1,1,1.0740740740740742
0,2,25.0,0,0,13.0,1,1,0,1,1,1.7857142857142858
0,2,23.0,0,0,15.0458,1,1,0,0,1,1.433396901369829
1,1,19.0,0,2,26.2833,0,0,0,1,0,0.6963966968805093
0,1,37.0,1,0,53.1,1,0,0,1,0,0.6839186691312384
0,3,16.0,0,0,9.2167,1,1,0,1,0,1.56606340599215
0,1,24.0,0,0,65.6563,1,1,0,0,0,0.36005598870624383
0,3,28.0,0,2,15.2458,0,0,0,0,0,1.723522387324724
1,3,22.0,0,0,7.75,0,1,0,1,0,2.5142857142857142
1,3,24.0,1,0,15.85,0,0,0,1,0,1.4243323442136497
0,3,19.0,0,0,6.75,1,1,1,0,0,2.4516129032258065
0,2,18.0,0,0,11.5,1,1,0,1,1,1.44
0,2,19.0,1,1,36.75,1,0,0,1,1,0.5033112582781457
1,3,27.0,0,0,7.7958,1,1,0,1,0,3.0696468769185294
0,3,9.0,2,2,34.375,0,0,0,1,0,0.254416961130742
0,2,36.5,0,2,26.0,1,0,0,1,1,1.3518518518518519
0,2,42.0,0,0,13.0,1,1,0,1,1,3.0
0,2,51.0,0,0,12.525,1,1,0,1,1,3.7707948243992604
1,1,22.0,1,0,65.6563,0,0,0,1,0,0.3300513229807235
0,3,54.5,0,0,8.05,1,1,0,1,0,6.022099447513812
0,3,40.5,0,2,14.5,1,0,0,1,0,2.6129032258064515
0,3,28.0,0,0,7.3125,1,1,0,1,0,3.3684210526315788
0,1,51.0,0,1,61.3792,1,0,0,0,0,0.8175802190473748
1,3,16.0,0,0,7.7333,0,1,1,0,0,1.8320680613284783
0,3,30.0,0,0,8.05,1,1,0,1,0,3.3149171270718227
0,3,28.0,0,0,8.6625,1,1,0,1,0,2.8978007761966365
0,3,28.0,8,2,65.6563,1,0,0,1,0,0.4200653201572844
0,3,44.0,0,1,16.1,1,0,0,1,0,2.573099415204678
1,2,40.0,0,0,15.75,0,1,0,1,1,2.388059701492537
0,3,26.0,0,0,7.775,1,1,0,1,0,2.962962962962963
0,3,17.0,0,0,8.6625,1,1,0,1,0,1.7593790426908151
0,3,2.5,4,1,39.6875,0,0,0,1,0,0.06144393241167435
1,3,9.0,0,2,20.525,0,0,0,1,0,0.4181184668989547
1,1,28.0,0,1,55.0,0,0,0,1,0,0.5
0,3,45.0,1,4,27.9,0,0,0,1,0,1.5570934256055364
0,1,28.0,0,0,25.925,1,1,0,1,0,1.0399257195914577
0,3,28.0,0,0,56.4958,1,1,0,1,0,0.4869920933355132
0,1,54.5,0,0,33.5,1,1,0,1,0,1.5797101449275361
0,3,4.0,4,1,29.125,0,0,1,0,0,0.13278008298755187
1,3,2.5,1,1,11.1333,0,0,0,1,0,0.20604452210033544
0,3,21.0,0,0,7.925,1,1,0,1,0,2.352941176470588
0,1,54.5,0,0,30.6958,1,1,0,0,0,1.719470718517911
0,3,18.0,1,1,7.8542,1,0,0,1,0,2.0329335230737957
0,3,28.0,3,1,25.4667,1,0,0,1,0,1.057933176406579
0,1,50.0,0,0,28.7125,0,1,0,0,0,1.6827934371055953
0,2,30.0,0,0,13.0,1,1,0,1,1,2.142857142857143
0,3,36.0,0,0,0.0,1,1,0,1,0,36.0
0,3,28.0,8,2,65.6563,0,0,0,1,0,0.4200653201572844
0,2,28.0,0,0,15.05,1,1,0,0,1,1.7445482866043613
0,3,9.0,4,2,31.3875,0,0,0,1,0,0.277884986491702
1,2,2.5,2,1,39.0,0,0,0,1,1,0.0625
1,3,4.0,0,2,22.025,0,0,0,1,0,0.17372421281216072
0,1,28.0,0,0,50.0,1,1,0,1,0,0.5490196078431373
1,3,28.0,1,0,15.5,0,0,1,0,0,1.696969696969697
1,1,45.0,0,0,26.55,1,1,0,1,0,1.6333938294010888
0,3,40.0,1,1,15.5,1,0,1,0,0,2.4242424242424243
0,3,36.0,0,0,7.8958,1,1,0,1,0,4.046853571348276
1,2,32.0,0,0,13.0,0,1,0,1,1,2.2857142857142856
0,2,19.0,0,0,13.0,1,1,0,1,1,1.3571428571428572
1,3,19.0,1,0,7.8542,0,0,0,1,0,2.1458742743556734
1,2,3.0,1,1,26.0,0,0,0,1,1,0.1111111111111111
1,1,44.0,0,0,27.7208,0,1,0,0,0,1.5319907523467313
1,1,54.5,0,0,65.6563,0,1,0,0,0,0.8176271410204287
0,3,28.0,0,0,7.75,1,1,1,0,0,3.2
0,3,42.0,0,1,8.4042,1,0,0,1,0,4.466089619531699
1,3,28.0,0,0,7.75,0,1,1,0,0,3.2
0,2,24.0,0,0,13.0,0,1,0,1,1,1.7142857142857142
0,3,28.0,0,0,9.5,1,1,0,1,0,2.6666666666666665
0,3,28.0,8,2,65.6563,1,0,0,1,0,0.4200653201572844
0,3,34.0,0,0,6.4958,1,1,0,1,0,4.535873422449905
0,3,45.5,0,0,7.225,1,1,0,0,0,5.531914893617022
1,3,18.0,0,0,8.05,1,1,0,1,0,1.9889502762430937
0,3,2.5,0,1,10.4625,0,0,0,1,0,0.21810250817884405
0,3,32.0,1,0,15.85,1,0,0,1,0,1.8991097922848663
1,3,26.0,0,0,18.7875,1,1,0,0,0,1.31396083385976
1,3,16.0,0,0,7.75,0,1,1,0,0,1.8285714285714285
1,1,40.0,0,0,31.0,1,1,0,0,0,1.25
0,3,24.0,0,0,7.05,1,1,0,1,0,2.981366459627329
1,2,35.0,0,0,21.0,0,1,0,1,1,1.5909090909090908
0,3,22.0,0,0,7.25,1,1,0,1,0,2.6666666666666665
0,2,30.0,0,0,13.0,1,1,0,1,1,2.142857142857143
0,3,28.0,1,0,7.75,1,0,1,0,0,3.2
1,1,31.0,1,0,65.6563,0,0,0,0,0,0.4650723187455649
1,3,27.0,0,0,7.925,0,1,0,1,0,3.0252100840336134
0,2,42.0,1,0,27.0,1,0,0,1,1,1.5
1,1,32.0,0,0,65.6563,0,1,0,0,0,0.4800746516083251
0,2,30.0,0,0,10.5,1,1,0,1,1,2.608695652173913
1,3,16.0,0,0,8.05,1,1,0,1,0,1.7679558011049723
0,2,27.0,0,0,13.0,1,1,0,1,1,1.9285714285714286
0,3,51.0,0,0,8.05,1,1,0,1,0,5.635359116022099
0,3,28.0,0,0,7.8958,1,1,0,1,0,3.147552777715326
1,1,38.0,1,0,65.6563,1,0,0,1,0,0.5700886487848861
0,3,22.0,0,0,9.35,1,1,0,1,0,2.1256038647342996
1,2,19.0,0,0,10.5,1,1,0,1,1,1.6521739130434783
0,3,20.5,0,0,7.25,1,1,0,1,0,2.484848484848485
0,2,18.0,0,0,13.0,1,1,0,1,1,1.2857142857142858
0,3,28.0,3,1,25.4667,0,0,0,1,0,1.057933176406579
1,1,35.0,1,0,65.6563,0,0,0,1,0,0.5250816501966056
0,3,29.0,0,0,7.775,1,1,0,1,0,3.304843304843305
0,2,54.5,0,0,13.5,1,1,0,1,1,3.7586206896551726
1,3,5.0,4,2,31.3875,0,0,0,1,0,0.15438054805094556
0,2,24.0,0,0,10.5,1,1,0,1,1,2.0869565217391304
0,3,28.0,0,0,7.55,0,1,0,1,0,3.2748538011695905
0,2,44.0,1,0,26.0,1,0,0,1,1,1.6296296296296295
1,2,8.0,0,2,26.25,0,0,0,1,1,0.29357798165137616
0,2,19.0,0,0,10.5,1,1,0,1,1,1.6521739130434783
0,2,33.0,0,0,12.275,1,1,0,1,1,2.485875706214689
0,3,28.0,1,0,14.4542,0,0,0,0,0,1.8118052050575248
1,3,28.0,1,0,15.5,0,0,1,0,0,1.696969696969697
0,2,29.0,0,0,10.5,1,1,0,1,1,2.5217391304347827
0,3,22.0,0,0,7.125,1,1,0,1,0,2.707692307692308
0,3,30.0,0,0,7.225,1,1,0,0,0,3.6474164133738602
0,1,44.0,2,0,65.6563,1,0,1,0,0,0.660102645961447
0,3,25.0,0,0,7.775,0,1,0,1,0,2.849002849002849
1,2,24.0,0,2,14.5,0,0,0,1,1,1.5483870967741935
1,1,37.0,1,1,52.5542,1,0,0,1,0,0.6908888565229244
0,2,54.0,1,0,26.0,1,0,0,1,1,2.0
0,3,28.0,0,0,7.25,1,1,0,1,0,3.393939393939394
0,3,29.0,1,1,10.4625,0,0,0,1,0,2.529989094874591
0,1,54.5,0,0,26.55,1,1,0,1,0,1.9782214156079854
0,3,30.0,1,0,16.1,1,0,0,1,0,1.7543859649122806
0,3,41.0,0,2,20.2125,0,0,0,1,0,1.9328226281673542
1,3,29.0,0,2,15.2458,0,0,0,0,0,1.785076758300607
1,1,28.0,0,0,65.6563,0,1,0,0,0,0.4200653201572844
1,1,30.0,0,0,65.6563,0,1,0,1,0,0.4500699858828048
1,1,35.0,0,0,65.6563,0,1,0,0,0,0.5250816501966056
1,2,50.0,0,1,26.0,0,0,0,1,1,1.8518518518518519
0,3,28.0,0,0,7.75,1,1,1,0,0,3.2
1,3,3.0,4,2,31.3875,0,0,0,1,0,0.09262832883056735
0,1,52.0,1,1,65.6563,1,0,0,1,0,0.7801213088635283
0,1,40.0,0,0,0.0,1,1,0,1,0,40.0
0,3,28.0,0,0,7.75,0,1,1,0,0,3.2
0,2,36.0,0,0,10.5,1,1,0,1,1,3.130434782608696
0,3,16.0,4,1,39.6875,1,0,0,1,0,0.3932411674347158
1,3,25.0,1,0,7.775,1,0,0,1,0,2.849002849002849
1,1,54.5,0,1,65.6563,0,0,0,1,0,0.8176271410204287
1,1,35.0,0,0,65.6563,0,1,0,1,0,0.5250816501966056
0,1,28.0,0,0,31.0,1,1,0,1,0,0.875
1,3,25.0,0,0,0.0,1,1,0,1,0,25.0
1,2,41.0,0,1,19.5,0,0,0,1,1,2.0
0,1,37.0,0,1,29.7,1,0,0,0,0,1.205211726384365
1,3,28.0,0,0,7.75,0,1,1,0,0,3.2
1,1,54.5,1,0,65.6563,0,0,0,1,0,0.8176271410204287
0,3,45.0,0,0,7.75,0,1,0,1,0,5.142857142857143
0,2,28.0,0,0,0.0,1,1,0,1,1,28.0
0,3,7.0,4,1,29.125,0,0,1,0,0,0.23236514522821577
1,3,35.0,1,1,20.25,0,0,0,1,0,1.6470588235294117
0,3,54.5,0,0,7.75,1,1,1,0,0,6.228571428571429
0,3,28.0,0,0,7.8542,1,1,0,1,0,3.162341035892571
0,3,16.0,0,0,9.5,1,1,0,1,0,1.5238095238095237
1,3,19.0,0,0,8.05,1,1,0,1,0,2.0994475138121547
0,1,28.0,0,0,26.0,1,1,0,1,0,1.037037037037037
0,3,33.0,0,0,8.6625,1,1,0,0,0,3.4152652005174646
1,3,30.0,0,0,9.5,1,1,0,1,0,2.857142857142857
0,3,22.0,0,0,7.8958,1,1,0,1,0,2.4730771824906133
1,2,42.0,0,0,13.0,1,1,0,1,1,3.0
1,3,22.0,0,0,7.75,0,1,1,0,0,2.5142857142857142
1,1,26.0,0,0,65.6563,0,1,0,1,0,0.39006065443176413
1,1,19.0,1,0,65.6563,0,0,0,0,0,0.28504432439244304
0,2,36.0,0,0,12.875,1,1,0,0,1,2.5945945945945947
0,3,24.0,0,0,8.85,0,1,0,1,0,2.436548223350254
0,3,24.0,0,0,7.8958,1,1,0,1,0,2.6979023808988507
0,1,28.0,0,0,27.7208,1,1,0,0,0,0.974903206038829
0,3,23.5,0,0,7.2292,1,1,0,0,0,2.855684635201478
0,1,2.5,1,2,65.6563,0,0,0,1,0,0.0375058321569004
1,1,28.0,0,0,30.5,1,1,0,1,0,0.8888888888888888
1,1,50.0,0,1,65.6563,0,0,0,0,0,0.750116643138008
1,3,28.0,0,0,7.75,0,1,1,0,0,3.2
1,3,28.0,2,0,23.25,1,0,1,0,0,1.1546391752577319
0,3,19.0,0,0,0.0,1,1,0,1,0,19.0
1,2,28.0,0,0,12.35,0,1,1,0,1,2.0973782771535583
0,3,28.0,0,0,8.05,1,1,0,1,0,3.0939226519337013
1,1,2.5,1,2,65.6563,0,0,0,1,0,0.0375058321569004
1,1,28.0,0,0,65.6563,0,1,0,0,0,0.4200653201572844
1,1,17.0,1,0,65.6563,0,0,0,0,0,0.2550396586669227
0,2,30.0,1,0,24.0,1,0,0,0,1,1.2
1,1,30.0,0,0,56.9292,0,1,0,0,0,0.5178735421859787
1,1,24.0,0,0,65.6563,0,1,0,0,0,0.36005598870624383
1,1,18.0,2,2,65.6563,0,0,0,0,0,0.27004199152968283
0,2,26.0,1,1,26.0,0,0,0,1,1,0.9629629629629629
0,3,28.0,0,0,7.8958,1,1,0,1,0,3.147552777715326
0,2,43.0,1,1,26.25,1,0,0,1,1,1.5779816513761469
1,3,26.0,0,0,7.8542,0,1,0,1,0,2.936459533328816
1,2,24.0,1,0,26.0,0,0,0,1,1,0.8888888888888888
0,2,54.0,0,0,14.0,1,1,0,1,1,3.6
1,1,31.0,0,2,65.6563,0,0,0,1,0,0.4650723187455649
1,1,40.0,1,1,65.6563,0,0,0,0,0,0.6000933145104064
0,3,22.0,0,0,7.25,1,1,0,1,0,2.6666666666666665
0,3,27.0,0,0,7.8958,1,1,0,1,0,3.0351401785112073
1,2,30.0,0,0,12.35,0,1,1,0,1,2.247191011235955
1,2,22.0,1,1,29.0,0,0,0,1,1,0.7333333333333333
0,3,28.0,8,2,65.6563,1,0,0,1,0,0.4200653201572844
1,1,36.0,0,0,65.6563,0,1,0,0,0,0.5400839830593657
0,3,54.5,0,0,6.2375,1,1,0,1,0,7.530224525043178
1,2,36.0,0,0,13.0,0,1,0,1,1,2.5714285714285716
1,3,31.0,1,1,20.525,0,0,0,1,0,1.440185830429733
1,1,16.0,0,1,57.9792,0,0,0,0,0,0.2712820791058543
1,3,28.0,2,0,23.25,0,0,1,0,0,1.1546391752577319
0,1,45.5,0,0,28.5,1,1,0,1,0,1.5423728813559323
0,1,38.0,0,1,65.6563,1,0,0,1,0,0.5700886487848861
0,3,16.0,2,0,18.0,1,0,0,1,0,0.8421052631578947
1,1,28.0,1,0,65.6563,0,0,0,1,0,0.4200653201572844
0,3,28.0,0,0,7.8958,1,1,0,1,0,3.147552777715326
0,1,29.0,1,0,65.6563,1,0,0,1,0,0.43506765302004463
1,1,41.0,0,0,65.6563,0,1,0,0,0,0.6150956473731665
1,3,45.0,0,0,8.05,1,1,0,1,0,4.972375690607734
0,1,45.0,0,0,35.5,1,1,0,1,0,1.2328767123287672
1,2,2.5,1,1,26.0,0,0,0,1,1,0.09259259259259259
1,1,24.0,3,2,65.6563,0,0,0,1,0,0.36005598870624383
0,2,28.0,0,0,13.0,1,1,0,1,1,2.0
0,2,25.0,0,0,13.0,1,1,0,1,1,1.7857142857142858
0,2,36.0,0,0,13.0,1,1,0,1,1,2.5714285714285716
1,2,24.0,0,0,13.0,0,1,0,1,1,1.7142857142857142
1,2,40.0,0,0,13.0,0,1,0,1,1,2.857142857142857
1,3,28.0,1,0,16.1,0,0,0,1,0,1.6374269005847952
1,3,3.0,1,1,15.9,0,0,0,1,0,0.1775147928994083
0,3,42.0,0,0,8.6625,1,1,0,1,0,4.346701164294955
0,3,23.0,0,0,9.225,1,1,0,1,0,2.249388753056235
0,1,28.0,0,0,35.0,1,1,0,1,0,0.7777777777777778
0,3,15.0,1,1,7.2292,0,0,0,0,0,1.8227774267243477
0,3,25.0,1,0,17.8,1,0,0,1,0,1.3297872340425532
0,3,28.0,0,0,7.225,1,1,0,0,0,3.404255319148936
0,3,28.0,0,0,9.5,1,1,0,1,0,2.6666666666666665
1,1,22.0,0,1,55.0,0,0,0,1,0,0.39285714285714285
0,2,38.0,0,0,13.0,0,1,0,1,1,2.7142857142857144
1,3,28.0,0,0,7.8792,0,1,1,0,0,3.1534372465987923
1,3,28.0,0,0,7.8792,0,1,1,0,0,3.1534372465987923
0,3,40.0,1,4,27.9,1,0,0,1,0,1.384083044982699
0,2,29.0,1,0,27.7208,1,0,0,0,1,1.0097211776830728
0,3,45.0,0,1,14.4542,0,0,0,0,0,2.9118297938424504
0,3,35.0,0,0,7.05,1,1,0,1,0,4.3478260869565215
0,3,28.0,1,0,15.5,1,0,1,0,0,1.696969696969697
0,3,30.0,0,0,7.25,1,1,0,1,0,3.6363636363636362
1,1,54.5,1,0,65.6563,0,0,0,0,0,0.8176271410204287
1,3,28.0,0,0,7.2292,0,1,0,0,0,3.4025178632187822
1,3,28.0,0,0,7.75,0,1,1,0,0,3.2
1,1,24.0,0,0,65.6563,0,1,0,0,0,0.36005598870624383
1,1,25.0,1,0,55.4417,1,0,0,0,0,0.4429349222294864
0,3,18.0,1,0,6.4958,1,0,0,1,0,2.4013447530617147
0,3,19.0,0,0,8.05,1,1,0,1,0,2.0994475138121547
0,1,22.0,0,0,65.6563,1,1,0,0,0,0.3300513229807235
0,3,3.0,3,1,21.075,0,0,0,1,0,0.1359003397508494
1,1,28.0,1,0,65.6563,0,0,0,0,0,0.4200653201572844
1,3,22.0,0,0,7.25,0,1,0,1,0,2.6666666666666665
0,1,27.0,0,2,65.6563,1,0,0,0,0,0.4050629872945243
0,3,20.0,0,0,4.0125,1,1,0,0,0,3.99002493765586
0,3,19.0,0,0,7.775,1,1,0,1,0,2.165242165242165
1,1,42.0,0,0,65.6563,0,1,0,0,0,0.6300979802359267
1,3,2.5,0,2,15.7417,0,0,0,0,0,0.14932772657495952
0,3,32.0,0,0,7.925,1,1,0,1,0,3.5854341736694675
1,1,35.0,1,0,52.0,0,0,0,1,0,0.660377358490566
0,3,28.0,0,0,7.8958,1,1,0,1,0,3.147552777715326
0,2,18.0,0,0,65.6563,1,1,0,1,1,0.27004199152968283
0,3,2.5,5,2,46.9,0,0,0,1,0,0.05219206680584551
1,2,36.0,0,0,13.0,0,1,0,1,1,2.5714285714285716
0,3,28.0,0,0,7.7292,1,1,1,0,0,3.207624982816295
1,2,17.0,0,0,12.0,0,1,0,0,1,1.3076923076923077
1,1,36.0,1,2,65.6563,1,0,0,1,0,0.5400839830593657
1,3,21.0,0,0,7.7958,1,1,0,1,0,2.3875031264921893
0,3,28.0,2,0,7.925,1,0,0,1,0,3.1372549019607843
1,1,23.0,1,0,65.6563,0,0,0,0,0,0.34505365584348363
1,3,24.0,0,2,16.7,0,0,0,1,0,1.3559322033898307
0,3,22.0,0,0,7.7958,1,1,0,1,0,2.501193751563246
0,3,31.0,0,0,7.8542,0,1,0,1,0,3.5011632897382037
0,2,46.0,0,0,26.0,1,1,0,1,1,1.7037037037037037
0,2,23.0,0,0,10.5,1,1,0,1,1,2.0
1,2,28.0,0,0,12.65,0,1,0,1,1,2.051282051282051
1,3,39.0,0,0,7.925,1,1,0,1,0,4.369747899159663
0,3,26.0,0,0,8.05,1,1,0,1,0,2.87292817679558
0,3,21.0,1,0,9.825,0,0,0,1,0,1.9399538106235568
0,3,28.0,1,0,15.85,1,0,0,1,0,1.661721068249258
0,3,20.0,0,0,8.6625,0,1,0,1,0,2.069857697283312
0,2,34.0,1,0,21.0,1,0,0,1,1,1.5454545454545454
0,3,51.0,0,0,7.75,1,1,0,1,0,5.828571428571428
1,2,3.0,1,1,18.75,0,0,0,1,1,0.1518987341772152
0,3,21.0,0,0,7.775,1,1,0,1,0,2.393162393162393
0,3,28.0,3,1,25.4667,0,0,0,1,0,1.057933176406579
0,3,28.0,0,0,7.8958,1,1,0,1,0,3.147552777715326
0,3,28.0,0,0,6.8583,1,1,1,0,0,3.5631116144713233
1,1,33.0,1,0,65.6563,0,0,1,0,0,0.4950769844710852
0,2,28.0,0,0,0.0,1,1,0,1,1,28.0
1,3,44.0,0,0,7.925,1,1,0,1,0,4.929971988795518
0,3,28.0,0,0,8.05,0,1,0,1,0,3.0939226519337013
1,2,34.0,1,1,32.5,0,0,0,1,1,1.0149253731343284
1,2,18.0,0,2,13.0,0,0,0,1,1,1.2857142857142858
0,2,30.0,0,0,13.0,1,1,0,1,1,2.142857142857143
0,3,10.0,0,2,24.15,0,0,0,1,0,0.3976143141153082
0,3,28.0,0,0,7.8958,1,1,0,0,0,3.147552777715326
0,3,21.0,0,0,7.7333,1,1,1,0,0,2.4045893304936277
0,3,29.0,0,0,7.875,1,1,0,1,0,3.267605633802817
0,3,28.0,1,1,14.4,0,0,0,1,0,1.8181818181818181
0,3,18.0,1,1,20.2125,1,0,0,1,0,0.8485562757807897
0,3,28.0,0,0,7.25,1,1,0,1,0,3.393939393939394
1,2,28.0,1,0,26.0,0,0,0,1,1,1.037037037037037
1,2,19.0,0,0,26.0,0,1,0,1,1,0.7037037037037037
0,3,28.0,0,0,7.75,1,1,1,0,0,3.2
1,3,32.0,0,0,8.05,1,1,0,1,0,3.5359116022099446
1,1,28.0,0,0,26.55,1,1,0,1,0,1.0163339382940109
1,3,28.0,1,0,16.1,0,0,0,1,0,1.6374269005847952
1,2,42.0,1,0,26.0,0,0,0,1,1,1.5555555555555556
0,3,17.0,0,0,7.125,1,1,0,1,0,2.0923076923076924
0,1,50.0,1,0,55.9,1,0,0,1,0,0.8787346221441125
1,1,14.0,1,2,65.6563,0,0,0,1,0,0.2100326600786422
0,3,21.0,2,2,34.375,0,0,0,1,0,0.5936395759717314
1,2,24.0,2,3,18.75,0,0,0,1,1,1.2151898734177216
0,1,54.5,1,4,65.6563,1,0,0,1,0,0.8176271410204287
0,2,31.0,0,0,10.5,1,1,0,1,1,2.6956521739130435
1,2,45.0,1,1,26.25,0,0,0,1,1,1.651376146788991
0,3,20.0,0,0,9.5,1,1,0,1,0,1.9047619047619047
0,3,25.0,1,0,7.775,1,0,0,1,0,2.849002849002849
1,2,28.0,0,0,13.0,0,1,0,1,1,2.0
1,3,28.0,0,0,8.1125,1,1,0,1,0,3.072702331961591
1,1,4.0,0,2,65.6563,0,0,0,1,0,0.060009331451040634
1,2,13.0,0,1,19.5,0,0,0,1,1,0.6341463414634146
1,1,34.0,0,0,26.55,1,1,0,1,0,1.234119782214156
1,3,5.0,2,1,19.2583,0,0,0,0,0,0.24681241762635564
1,1,52.0,0,0,30.5,1,1,0,1,0,1.6507936507936507
0,2,36.0,1,2,27.75,1,0,0,1,1,1.2521739130434784
0,3,28.0,1,0,19.9667,1,0,0,1,0,1.3354509770254737
0,1,30.0,0,0,27.75,1,1,0,0,0,1.0434782608695652
1,1,49.0,1,0,65.6563,1,0,0,0,0,0.7351143102752478
0,3,28.0,0,0,8.05,1,1,0,1,0,3.0939226519337013
1,3,29.0,0,0,7.8958,1,1,0,0,0,3.2599653769194448
0,1,54.5,0,0,26.55,1,1,0,1,0,1.9782214156079854
1,1,28.0,1,0,51.8625,0,0,0,1,0,0.5296760463466541
1,2,50.0,0,0,10.5,0,1,0,1,1,4.3478260869565215
0,3,28.0,0,0,7.75,1,1,1,0,0,3.2
1,1,48.0,0,0,26.55,1,1,0,1,0,1.7422867513611615
0,3,34.0,0,0,8.05,1,1,0,1,0,3.756906077348066
0,1,47.0,0,0,38.5,1,1,0,1,0,1.1898734177215189
0,2,48.0,0,0,13.0,1,1,0,1,1,3.4285714285714284
0,3,28.0,0,0,8.05,1,1,0,1,0,3.0939226519337013
0,3,38.0,0,0,7.05,1,1,0,1,0,4.720496894409937
0,2,28.0,0,0,0.0,1,1,0,1,1,28.0
0,1,54.5,0,0,26.55,1,1,0,1,0,1.9782214156079854
0,3,28.0,0,0,7.725,1,1,1,0,0,3.209169054441261
1,3,2.5,2,1,19.2583,0,0,0,0,0,0.12340620881317782
0,3,28.0,0,0,7.25,1,1,0,1,0,3.393939393939394
0,3,38.0,0,0,8.6625,1,1,0,1,0,3.9327296248382924
1,2,33.0,1,2,27.75,0,0,0,1,1,1.1478260869565218
1,2,23.0,0,0,13.7917,0,1,0,0,1,1.5549260734060317
0,3,22.0,0,0,9.8375,0,1,0,1,0,2.029988465974625
0,1,28.0,0,0,52.0,1,1,0,1,0,0.5283018867924528
0,2,34.0,1,0,21.0,1,0,0,1,1,1.5454545454545454
0,3,29.0,1,0,7.0458,1,0,0,1,0,3.6043650103159415
0,3,22.0,0,0,7.5208,1,1,0,1,0,2.581917190874096
1,3,2.5,0,1,12.2875,0,0,0,1,0,0.18814675446848542
0,3,9.0,5,2,46.9,0,0,0,1,0,0.18789144050104384
0,2,28.0,0,0,0.0,1,1,0,1,1,28.0
0,3,50.0,0,0,8.05,1,1,0,1,0,5.524861878453038
1,3,54.5,0,0,9.5875,0,1,0,1,0,5.147579693034238
1,1,25.0,1,0,65.6563,1,0,0,0,0,0.375058321569004
0,3,28.0,3,1,25.4667,0,0,0,1,0,1.057933176406579
1,1,35.0,1,0,65.6563,0,0,0,1,0,0.5250816501966056
0,1,54.5,0,0,29.7,1,1,0,0,0,1.7752442996742672
0,3,30.0,0,0,8.05,1,1,0,1,0,3.3149171270718227
1,3,9.0,1,1,15.9,0,0,0,1,0,0.5325443786982249
0,3,28.0,1,0,19.9667,1,0,0,1,0,1.3354509770254737
0,3,21.0,0,0,7.25,1,1,0,1,0,2.5454545454545454
0,1,54.5,0,0,30.5,1,1,0,1,0,1.7301587301587302
0,1,54.5,0,0,49.5042,1,1,0,0,0,1.0791181723500225
0,3,21.0,0,0,8.05,1,1,0,1,0,2.320441988950276
0,3,28.0,0,0,14.4583,1,1,0,0,0,1.8113246605383517
1,1,54.0,1,0,65.6563,0,0,0,0,0,0.8101259745890486
0,3,28.0,0,0,15.1,1,1,0,1,0,1.7391304347826086
0,1,25.0,1,2,65.6563,0,0,0,1,0,0.375058321569004
0,3,24.0,0,0,7.7958,1,1,0,1,0,2.7285750017053596
0,3,17.0,0,0,8.6625,1,1,0,1,0,1.7593790426908151
0,3,21.0,0,0,7.75,0,1,1,0,0,2.4
0,3,28.0,0,0,7.6292,0,1,1,0,0,3.2447967366615673
0,3,37.0,0,0,9.5875,0,1,0,1,0,3.4946871310507674
1,1,16.0,0,0,65.6563,0,1,0,1,0,0.24003732580416254
0,1,18.0,1,0,65.6563,1,0,0,0,0,0.27004199152968283
1,2,33.0,0,2,26.0,0,0,0,1,1,1.2222222222222223
1,1,28.0,0,0,26.55,1,1,0,1,0,1.0163339382940109
0,3,28.0,0,0,22.525,1,1,0,1,0,1.1902231668437833
1,3,26.0,0,0,56.4958,1,1,0,1,0,0.45220694381154797
1,3,29.0,0,0,7.75,1,1,1,0,0,3.3142857142857145
0,3,28.0,0,0,8.05,1,1,0,1,0,3.0939226519337013
1,1,36.0,0,0,26.2875,1,1,0,1,0,1.3192853870819972
1,1,54.0,1,0,59.4,0,0,0,0,0,0.8940397350993378
0,3,24.0,0,0,7.4958,1,1,0,1,0,2.824925257185904
0,1,47.0,0,0,34.0208,1,1,0,1,0,1.3420595760233918
1,2,34.0,0,0,10.5,0,1,0,1,1,2.9565217391304346
0,3,28.0,0,0,24.15,1,1,1,0,0,1.1133200795228628
1,2,36.0,1,0,26.0,0,0,0,1,1,1.3333333333333333
0,3,32.0,0,0,7.8958,1,1,0,1,0,3.597203174531801
1,1,30.0,0,0,65.6563,0,1,0,1,0,0.4500699858828048
0,3,22.0,0,0,7.8958,1,1,0,1,0,2.4730771824906133
0,3,28.0,0,0,7.225,1,1,0,0,0,3.404255319148936
1,1,44.0,0,1,57.9792,0,0,0,0,0,0.7460257175410993
0,3,28.0,0,0,7.2292,1,1,0,0,0,3.4025178632187822
0,3,40.5,0,0,7.75,1,1,1,0,0,4.628571428571429
1,2,50.0,0,0,10.5,0,1,0,1,1,4.3478260869565215
0,1,28.0,0,0,65.6563,1,1,0,1,0,0.4200653201572844
0,3,39.0,0,0,7.925,1,1,0,1,0,4.369747899159663
0,2,23.0,2,1,11.5,1,0,0,1,1,1.84
1,2,2.5,1,1,26.0,0,0,0,1,1,0.09259259259259259
0,3,28.0,0,0,7.2292,1,1,0,0,0,3.4025178632187822
0,3,17.0,1,1,7.2292,1,0,0,0,0,2.065814416954261
1,3,28.0,0,2,22.3583,0,0,0,0,0,1.1987173724115197
0,3,30.0,0,0,8.6625,0,1,0,1,0,3.1047865459249677
1,2,7.0,0,2,26.25,0,0,0,1,1,0.25688073394495414
0,1,45.0,0,0,26.55,1,1,0,1,0,1.6333938294010888
1,1,30.0,0,0,65.6563,0,1,0,0,0,0.4500699858828048
0,3,28.0,0,0,14.5,1,1,0,1,0,1.8064516129032258
1,1,22.0,0,2,49.5,0,0,0,0,0,0.43564356435643564
1,1,36.0,0,2,65.6563,0,0,0,1,0,0.5400839830593657
0,3,9.0,4,2,31.275,0,0,0,1,0,0.278853601859024
0,3,11.0,4,2,31.275,0,0,0,1,0,0.34082106893880715
1,2,32.0,1,0,26.0,1,0,0,1,1,1.1851851851851851
0,1,50.0,1,0,65.6563,1,0,0,0,0,0.750116643138008
0,1,54.5,0,0,26.0,1,1,0,1,0,2.0185185185185186
1,2,19.0,1,0,26.0,0,0,0,1,1,0.7037037037037037
1,2,28.0,0,0,13.8625,1,1,0,0,1,1.8839360807401178
0,3,33.0,1,1,20.525,1,0,0,1,0,1.5331010452961673
1,2,8.0,1,1,36.75,0,0,0,1,1,0.2119205298013245
1,1,17.0,0,2,65.6563,1,0,0,0,0,0.2550396586669227
0,2,27.0,0,0,26.0,1,1,0,1,1,1.0
0,3,28.0,0,0,7.8292,1,1,1,0,0,3.17129524758755
1,3,22.0,0,0,7.225,1,1,0,0,0,2.674772036474164
1,3,22.0,0,0,7.775,0,1,0,1,0,2.507122507122507
0,1,54.5,0,0,26.55,1,1,0,1,0,1.9782214156079854
1,1,48.0,1,0,39.6,0,0,0,0,0,1.1822660098522166
0,1,28.0,0,0,65.6563,1,1,0,0,0,0.4200653201572844
1,1,39.0,1,1,65.6563,0,0,0,1,0,0.5850909816476462
1,3,36.0,1,0,17.4,0,0,0,1,0,1.956521739130435
0,3,28.0,0,0,7.75,1,1,1,0,0,3.2
0,3,40.0,0,0,7.8958,1,1,0,1,0,4.496503968164752
0,2,28.0,0,0,13.5,1,1,0,1,1,1.9310344827586208
0,3,28.0,0,0,8.05,1,1,0,1,0,3.0939226519337013
0,3,28.0,0,0,8.05,0,1,0,1,0,3.0939226519337013
0,3,24.0,2,0,24.15,1,0,0,1,0,0.9542743538767396
0,3,19.0,0,0,7.8958,1,1,0,1,0,2.1358393848782566
0,3,29.0,0,4,21.075,0,0,0,1,0,1.3137032842582106
0,3,28.0,0,0,7.2292,1,1,0,0,0,3.4025178632187822
1,3,32.0,0,0,7.8542,1,1,0,1,0,3.6141040410200813
1,2,54.5,0,0,10.5,1,1,0,1,1,4.739130434782608
1,1,53.0,2,0,51.4792,0,0,0,1,0,1.0099239317672526
1,1,36.0,0,0,26.3875,1,1,0,1,0,1.3144682793245095
1,3,28.0,0,0,7.75,0,1,1,0,0,3.2
0,3,16.0,0,0,8.05,1,1,0,1,0,1.7679558011049723
0,3,19.0,0,0,14.5,1,1,0,1,0,1.2258064516129032
1,2,34.0,0,0,13.0,0,1,0,1,1,2.4285714285714284
1,1,39.0,1,0,55.9,0,0,0,1,0,0.6854130052724078
0,3,28.0,1,0,14.4583,0,0,0,0,0,1.8113246605383517
1,3,32.0,0,0,7.925,1,1,0,1,0,3.5854341736694675
1,2,25.0,1,1,30.0,0,0,0,1,1,0.8064516129032258
1,1,39.0,1,1,65.6563,0,0,0,0,0,0.5850909816476462
0,2,54.0,0,0,26.0,1,1,0,1,1,2.0
0,1,36.0,0,0,40.125,1,1,0,0,0,0.8753799392097265
0,3,28.0,0,0,8.7125,1,1,0,0,0,2.8828828828828827
1,1,18.0,0,2,65.6563,0,0,0,1,0,0.27004199152968283
0,2,47.0,0,0,15.0,1,1,0,1,1,2.9375
1,1,54.5,1,1,65.6563,1,0,0,0,0,0.8176271410204287
0,3,22.0,0,0,8.05,1,1,0,1,0,2.430939226519337
0,3,28.0,0,0,8.05,1,1,0,1,0,3.0939226519337013
0,3,35.0,0,0,7.125,1,1,0,1,0,4.3076923076923075
1,1,52.0,1,0,65.6563,0,0,0,0,0,0.7801213088635283
0,3,47.0,0,0,7.25,1,1,0,1,0,5.696969696969697
0,3,28.0,0,2,7.75,0,0,1,0,0,3.2
0,2,37.0,1,0,26.0,1,0,0,1,1,1.3703703703703705
0,3,36.0,1,1,24.15,1,0,0,1,0,1.4314115308151094
1,2,28.0,0,0,33.0,0,1,0,1,1,0.8235294117647058
0,3,49.0,0,0,0.0,1,1,0,1,0,49.0
0,3,28.0,0,0,7.225,1,1,0,0,0,3.404255319148936
1,1,49.0,1,0,56.9292,1,0,0,0,0,0.8458601189037652
1,2,24.0,2,1,27.0,0,0,0,1,1,0.8571428571428571
0,3,28.0,0,0,7.8958,1,1,0,1,0,3.147552777715326
0,1,28.0,0,0,42.4,1,1,0,1,0,0.6451612903225806
0,3,44.0,0,0,8.05,1,1,0,1,0,4.861878453038674
1,1,35.0,0,0,26.55,1,1,0,0,0,1.2704174228675136
0,3,36.0,1,0,15.55,1,0,0,1,0,2.175226586102719
0,3,30.0,0,0,7.8958,1,1,0,1,0,3.3723779761235635
1,1,27.0,0,0,30.5,1,1,0,1,0,0.8571428571428571
1,2,22.0,1,2,41.5792,0,0,0,0,1,0.5166842026153615
1,1,40.0,0,0,65.6563,0,1,0,1,0,0.6000933145104064
0,3,39.0,1,5,31.275,0,0,0,1,0,1.2083656080557708
0,3,28.0,0,0,7.05,1,1,0,1,0,3.4782608695652173
1,3,28.0,1,0,15.5,0,0,1,0,0,1.696969696969697
0,3,28.0,0,0,7.75,1,1,1,0,0,3.2
0,3,35.0,0,0,8.05,1,1,0,1,0,3.867403314917127
1,2,24.0,1,2,65.0,0,0,0,1,1,0.36363636363636365
0,3,34.0,1,1,14.4,1,0,0,1,0,2.207792207792208
0,3,26.0,1,0,16.1,0,0,0,1,0,1.5204678362573099
1,2,4.0,2,1,39.0,0,0,0,1,1,0.1
0,2,26.0,0,0,10.5,1,1,0,1,1,2.260869565217391
0,3,27.0,1,0,14.4542,1,0,0,0,0,1.7470978763054703
1,1,42.0,1,0,52.5542,1,0,0,1,0,0.7842522155125088
1,3,20.0,1,1,15.7417,1,0,0,0,0,1.1946218125996761
0,3,21.0,0,0,7.8542,1,1,0,1,0,2.3717557769194286
0,3,21.0,0,0,16.1,1,1,0,1,0,1.2280701754385963
0,1,54.5,0,0,32.3208,1,1,0,1,0,1.635614991236705
0,2,54.5,0,0,12.35,1,1,1,0,1,4.082397003745318
1,1,21.0,0,0,65.6563,0,1,0,1,0,0.31504899011796333
0,3,26.0,0,0,7.8958,1,1,0,1,0,2.922727579307088
0,3,28.0,0,0,7.7333,1,1,1,0,0,3.206119107324837
1,1,54.5,0,0,30.0,1,1,0,1,0,1.7580645161290323
0,3,51.0,0,0,7.0542,1,1,0,1,0,6.332100022348588
1,1,32.0,0,0,30.5,1,1,0,0,0,1.0158730158730158
0,1,28.0,0,0,0.0,1,1,0,1,0,28.0
0,3,9.0,3,2,27.9,0,0,0,1,0,0.31141868512110726
1,2,28.0,0,0,13.0,0,1,0,1,1,2.0
0,3,32.0,0,0,7.925,1,1,0,1,0,3.5854341736694675
0,2,31.0,1,1,26.25,1,0,0,1,1,1.1376146788990826
0,3,41.0,0,5,39.6875,0,0,0,1,0,1.0076804915514592
0,3,28.0,1,0,16.1,1,0,0,1,0,1.6374269005847952
0,3,20.0,0,0,7.8542,1,1,0,1,0,2.258815025637551
1,1,24.0,0,0,65.6563,0,1,0,0,0,0.36005598870624383
0,3,2.5,3,2,27.9,0,0,0,1,0,0.08650519031141869
1,3,28.0,0,0,56.4958,1,1,0,1,0,0.4869920933355132
1,3,2.5,2,1,19.2583,0,0,0,0,0,0.12340620881317782
1,1,48.0,1,0,65.6563,1,0,0,0,0,0.7201119774124877
0,3,19.0,0,0,7.8958,1,1,0,1,0,2.1358393848782566
1,1,54.5,0,0,35.5,1,1,0,0,0,1.4931506849315068
0,3,28.0,0,0,7.55,1,1,0,1,0,3.2748538011695905
1,3,23.0,0,0,7.55,0,1,0,1,0,2.6900584795321634
0,3,28.0,0,0,7.8958,1,1,0,1,0,3.147552777715326
1,2,18.0,0,1,23.0,0,0,0,1,1,0.75
0,3,21.0,0,0,8.4333,1,1,0,1,0,2.2261562761705873
1,3,28.0,0,0,7.8292,0,1,1,0,0,3.17129524758755
0,3,18.0,0,0,6.75,0,1,1,0,0,2.3225806451612905
0,2,24.0,2,0,65.6563,1,0,0,1,1,0.36005598870624383
0,3,28.0,0,0,7.8958,1,1,0,1,0,3.147552777715326
0,3,32.0,1,1,15.5,0,0,1,0,0,1.9393939393939394
0,2,23.0,0,0,13.0,1,1,0,1,1,1.6428571428571428
0,1,54.5,0,2,65.6563,1,0,0,0,0,0.8176271410204287
1,1,50.0,2,0,65.6563,1,0,0,1,0,0.750116643138008
0,3,40.0,0,0,7.225,1,1,0,0,0,4.86322188449848
0,1,47.0,0,0,25.5875,1,1,0,1,0,1.7677480018805831
0,3,36.0,0,0,7.4958,1,1,0,1,0,4.237387885778856
1,3,20.0,1,0,7.925,1,0,0,1,0,2.2408963585434174
0,2,32.0,2,0,65.6563,1,0,0,1,1,0.4800746516083251
0,2,25.0,0,0,13.0,1,1,0,1,1,1.7857142857142858
0,3,28.0,0,0,7.775,1,1,0,1,0,3.190883190883191
0,3,43.0,0,0,8.05,1,1,0,1,0,4.751381215469613
1,1,28.0,1,0,52.0,0,0,0,1,0,0.5283018867924528
1,2,40.0,1,1,39.0,0,0,0,1,1,1.0
0,1,31.0,1,0,52.0,1,0,0,1,0,0.5849056603773585
0,2,54.5,0,0,10.5,1,1,0,1,1,4.739130434782608
1,2,31.0,0,0,13.0,1,1,0,1,1,2.2142857142857144
0,2,28.0,0,0,0.0,1,1,0,1,1,28.0
0,3,18.0,0,0,7.775,1,1,0,1,0,2.051282051282051
0,3,24.5,0,0,8.05,1,1,0,1,0,2.707182320441989
1,3,18.0,0,0,9.8417,0,1,0,1,0,1.6602562328786077
0,3,43.0,1,6,46.9,0,0,0,1,0,0.8977035490605428
1,1,36.0,0,1,65.6563,1,0,0,0,0,0.5400839830593657
0,3,28.0,0,0,8.1375,0,1,1,0,0,3.0642954856361153
1,1,27.0,0,0,65.6563,1,1,0,0,0,0.4050629872945243
0,3,20.0,0,0,9.225,1,1,0,1,0,1.9559902200488999
0,3,14.0,5,2,46.9,0,0,0,1,0,0.29227557411273486
0,2,54.5,1,1,39.0,1,0,0,1,1,1.3625
0,2,25.0,1,2,41.5792,1,0,0,0,1,0.587141139335638
0,3,14.0,4,1,39.6875,0,0,0,1,0,0.34408602150537637
0,3,19.0,0,0,10.1708,1,1,0,1,0,1.7008629641565511
0,3,18.0,0,0,7.7958,1,1,0,1,0,2.0464312512790195
1,1,15.0,0,1,65.6563,0,0,0,1,0,0.2250349929414024
1,1,31.0,1,0,57.0,1,0,0,1,0,0.5344827586206896
1,3,4.0,0,1,13.4167,0,0,0,0,0,0.2774560058820673
1,3,28.0,0,0,56.4958,1,1,0,1,0,0.4869920933355132
0,3,25.0,0,0,7.225,1,1,0,0,0,3.0395136778115504
0,1,54.5,0,0,26.55,1,1,0,1,0,1.9782214156079854
0,2,52.0,0,0,13.5,1,1,0,1,1,3.586206896551724
0,3,44.0,0,0,8.05,1,1,0,1,0,4.861878453038674
1,3,28.0,0,0,7.7333,0,1,1,0,0,3.206119107324837
0,1,49.0,1,1,65.6563,1,0,0,0,0,0.7351143102752478
0,3,42.0,0,0,7.65,1,1,0,1,0,4.855491329479769
1,1,18.0,1,0,65.6563,0,0,0,0,0,0.27004199152968283
1,1,35.0,0,0,26.2875,1,1,0,1,0,1.2826385707741639
0,3,18.0,0,1,14.4542,0,0,0,0,0,1.1647319175369801
0,3,25.0,0,0,7.7417,1,1,1,0,0,2.859855634487571
0,3,26.0,1,0,7.8542,1,0,0,1,0,2.936459533328816
0,2,39.0,0,0,26.0,1,1,0,1,1,1.4444444444444444
1,2,45.0,0,0,13.5,0,1,0,1,1,3.103448275862069
1,1,42.0,0,0,26.2875,1,1,0,1,0,1.5391662849289967
1,1,22.0,0,0,65.6563,0,1,0,1,0,0.3300513229807235
1,3,28.0,1,1,15.2458,1,0,0,0,0,1.723522387324724
1,1,24.0,0,0,49.5042,0,1,0,0,0,0.4752080025027622
0,1,28.0,0,0,26.55,1,1,0,1,0,1.0163339382940109
1,1,48.0,1,0,52.0,1,0,0,1,0,0.9056603773584906
0,3,29.0,0,0,9.4833,1,1,0,1,0,2.766304503352952
0,2,52.0,0,0,13.0,1,1,0,1,1,3.7142857142857144
0,3,19.0,0,0,7.65,1,1,0,1,0,2.1965317919075145
1,1,38.0,0,0,65.6563,0,1,0,0,0,0.5700886487848861
1,2,27.0,0,0,10.5,0,1,0,1,1,2.347826086956522
0,3,28.0,0,0,15.5,1,1,1,0,0,1.696969696969697
0,3,33.0,0,0,7.775,1,1,0,1,0,3.7606837606837606
1,2,6.0,0,1,33.0,0,0,0,1,1,0.17647058823529413
0,3,17.0,1,0,7.0542,1,0,0,1,0,2.1107000074495295
0,2,34.0,0,0,13.0,1,1,0,1,1,2.4285714285714284
0,2,50.0,0,0,13.0,1,1,0,1,1,3.5714285714285716
1,1,27.0,1,0,53.1,1,0,0,1,0,0.49907578558225507
0,3,20.0,0,0,8.6625,1,1,0,1,0,2.069857697283312
1,2,30.0,3,0,21.0,0,0,0,1,1,1.3636363636363635
1,3,28.0,0,0,7.7375,0,1,1,0,0,3.204577968526466
0,2,25.0,1,0,26.0,1,0,0,1,1,0.9259259259259259
0,3,25.0,1,0,7.925,0,0,0,1,0,2.8011204481792715
1,1,29.0,0,0,65.6563,0,1,0,1,0,0.43506765302004463
0,3,11.0,0,0,18.7875,0,1,0,0,0,0.5559065066329754
0,2,28.0,0,0,0.0,1,1,0,1,1,28.0
0,2,23.0,0,0,13.0,1,1,0,1,1,1.6428571428571428
0,2,23.0,0,0,13.0,1,1,0,1,1,1.6428571428571428
0,3,28.5,0,0,16.1,1,1,0,1,0,1.6666666666666665
0,3,48.0,1,3,34.375,0,0,0,1,0,1.3568904593639577
1,1,35.0,0,0,65.6563,1,1,0,0,0,0.5250816501966056
0,3,28.0,0,0,7.8958,1,1,0,1,0,3.147552777715326
0,3,28.0,0,0,7.8958,1,1,0,1,0,3.147552777715326
1,1,28.0,0,0,30.0,1,1,0,1,0,0.9032258064516129
0,1,36.0,1,0,65.6563,1,0,0,1,0,0.5400839830593657
1,1,21.0,2,2,65.6563,0,0,0,0,0,0.31504899011796333
0,3,24.0,1,0,16.1,1,0,0,1,0,1.4035087719298245
1,3,31.0,0,0,7.925,1,1,0,1,0,3.4733893557422966
0,1,54.5,1,1,65.6563,1,0,0,1,0,0.8176271410204287
0,3,16.0,1,1,20.25,1,0,0,1,0,0.7529411764705882
1,2,30.0,0,0,13.0,0,1,0,1,1,2.142857142857143
0,1,19.0,1,0,53.1,1,0,0,1,0,0.3512014787430684
0,3,31.0,0,0,7.75,1,1,1,0,0,3.5428571428571427
1,2,4.0,1,1,23.0,0,0,0,1,1,0.16666666666666666
1,3,6.0,0,1,12.475,0,0,0,1,0,0.4452690166975881
0,3,33.0,0,0,9.5,1,1,0,1,0,3.142857142857143
0,3,23.0,0,0,7.8958,1,1,0,1,0,2.585489781694732
1,2,48.0,1,2,65.0,0,0,0,1,1,0.7272727272727273
1,2,2.5,1,1,14.5,0,0,0,1,1,0.16129032258064516
0,3,28.0,0,0,7.7958,1,1,0,1,0,3.183337501989586
0,2,18.0,0,0,11.5,1,1,0,1,1,1.44
0,3,34.0,0,0,8.05,1,1,0,1,0,3.756906077348066
1,1,33.0,0,0,65.6563,0,1,0,1,0,0.4950769844710852
0,3,28.0,0,0,14.5,1,1,0,1,0,1.8064516129032258
0,3,41.0,0,0,7.125,1,1,0,1,0,5.046153846153846
1,3,20.0,0,0,7.2292,1,1,0,0,0,2.4303699022991303
1,1,36.0,1,2,65.6563,0,0,0,1,0,0.5400839830593657
0,3,16.0,0,0,7.775,1,1,0,1,0,1.8233618233618234
1,1,51.0,1,0,65.6563,0,0,0,1,0,0.7651189760007681
0,1,28.0,0,0,39.6,1,1,0,0,0,0.689655172413793
0,3,30.5,0,0,7.75,0,1,1,0,0,3.4857142857142858
0,3,28.0,1,0,24.15,1,0,1,0,0,1.1133200795228628
0,3,32.0,0,0,8.3625,1,1,0,1,0,3.4178905206942587
0,3,24.0,0,0,9.5,1,1,0,1,0,2.2857142857142856
0,3,48.0,0,0,7.8542,1,1,0,1,0,5.421156061530122
0,2,54.5,0,0,10.5,0,1,0,1,1,4.739130434782608
0,3,28.0,0,0,7.225,1,1,0,0,0,3.404255319148936
1,2,54.0,1,3,23.0,0,0,0,1,1,2.25
0,3,18.0,0,0,7.75,1,1,0,1,0,2.057142857142857
0,3,28.0,0,0,7.75,1,1,1,0,0,3.2
1,3,5.0,0,0,12.475,0,1,0,1,0,0.3710575139146568
0,3,28.0,0,0,7.7375,1,1,1,0,0,3.204577968526466
1,1,43.0,0,1,65.6563,0,0,0,1,0,0.6451003130986869
1,3,13.0,0,0,7.2292,0,1,0,0,0,1.5797404364944347
1,1,17.0,1,0,57.0,0,0,0,1,0,0.29310344827586204
0,1,29.0,0,0,30.0,1,1,0,1,0,0.9354838709677419
0,3,28.0,1,2,23.45,1,0,0,1,0,1.1451942740286298
0,3,25.0,0,0,7.05,1,1,0,1,0,3.105590062111801
0,3,25.0,0,0,7.25,1,1,0,1,0,3.0303030303030303
1,3,18.0,0,0,7.4958,0,1,0,1,0,2.118693942889428
0,3,8.0,4,1,29.125,0,0,1,0,0,0.26556016597510373
1,3,2.5,1,2,20.575,0,0,0,1,0,0.11587485515643106
0,1,46.0,0,0,65.6563,1,1,0,0,0,0.6901073116869673
0,3,28.0,0,0,7.75,1,1,1,0,0,3.2
0,2,16.0,0,0,26.0,1,1,0,1,1,0.5925925925925926
0,3,28.0,8,2,65.6563,0,0,0,1,0,0.4200653201572844
0,1,28.0,0,0,30.6958,1,1,0,0,0,0.8833978003394772
0,3,25.0,0,0,7.8958,1,1,0,1,0,2.8103149801029694
0,2,39.0,0,0,13.0,1,1,0,1,1,2.7857142857142856
1,1,49.0,0,0,25.9292,0,1,0,1,0,1.8195861741158295
1,3,31.0,0,0,8.6833,0,1,0,1,0,3.201387956585049
0,3,30.0,0,0,7.2292,1,1,0,0,0,3.6455548534486955
0,3,30.0,1,1,24.15,0,0,0,1,0,1.1928429423459246
0,2,34.0,0,0,13.0,1,1,0,1,1,2.4285714285714284
1,2,31.0,1,1,26.25,0,0,0,1,1,1.1376146788990826
1,1,11.0,1,2,65.6563,0,0,0,1,0,0.16502566149036174
1,3,2.5,0,1,8.5167,0,0,0,0,0,0.2626961026406212
1,3,27.0,0,0,6.975,1,1,0,1,0,3.3855799373040756
0,3,31.0,0,0,7.775,1,1,0,1,0,3.5327635327635325
0,1,39.0,0,0,0.0,1,1,0,1,0,39.0
0,3,18.0,0,0,7.775,0,1,0,1,0,2.051282051282051
0,2,39.0,0,0,13.0,1,1,0,1,1,2.7857142857142856
1,1,33.0,1,0,53.1,0,0,0,1,0,0.609981515711645
0,3,26.0,0,0,7.8875,1,1,0,1,0,2.9254571026722926
0,3,39.0,0,0,24.15,1,1,0,1,0,1.5506958250497018
0,2,35.0,0,0,10.5,1,1,0,1,1,3.0434782608695654
0,3,6.0,4,2,31.275,0,0,0,1,0,0.18590240123934934
0,3,30.5,0,0,8.05,1,1,0,1,0,3.370165745856353
0,1,28.0,0,0,0.0,1,1,0,1,0,28.0
0,3,23.0,0,0,7.925,0,1,0,1,0,2.5770308123249297
0,2,31.0,1,1,37.0042,1,0,0,0,1,0.8156993174438615
0,3,43.0,0,0,6.45,1,1,0,1,0,5.771812080536913
0,3,10.0,3,2,27.9,0,0,0,1,0,0.34602076124567477
1,1,52.0,1,1,65.6563,0,0,0,1,0,0.7801213088635283
1,3,27.0,0,0,8.6625,1,1,0,1,0,2.794307891332471
0,1,38.0,0,0,0.0,1,1,0,1,0,38.0
1,3,27.0,0,1,12.475,0,0,0,1,0,2.0037105751391464
0,3,2.5,4,1,39.6875,0,0,0,1,0,0.06144393241167435
0,3,28.0,0,0,6.95,1,1,1,0,0,3.5220125786163523
0,3,28.0,0,0,56.4958,1,1,0,1,0,0.4869920933355132
1,2,2.5,0,2,37.0042,0,0,0,0,1,0.06578220301966625
1,3,28.0,0,0,7.75,1,1,1,0,0,3.2
1,3,15.0,1,0,14.4542,0,0,0,0,0,0.9706099312808169
1,2,2.5,1,1,18.75,0,0,0,1,1,0.12658227848101267
0,3,28.0,0,0,7.2292,1,1,0,0,0,3.4025178632187822
0,3,23.0,0,0,7.8542,1,1,0,1,0,2.5976372794831835
0,3,18.0,0,0,8.3,1,1,0,1,0,1.9354838709677418
1,1,39.0,1,1,65.6563,0,0,0,0,0,0.5850909816476462
0,3,21.0,0,0,8.6625,1,1,0,1,0,2.1733505821474774
0,3,28.0,0,0,8.05,1,1,0,1,0,3.0939226519337013
1,3,32.0,0,0,56.4958,1,1,0,1,0,0.5565623923834436
1,1,28.0,0,0,29.7,1,1,0,0,0,0.9120521172638437
0,3,20.0,0,0,7.925,1,1,0,1,0,2.2408963585434174
0,2,16.0,0,0,10.5,1,1,0,1,1,1.391304347826087
1,1,30.0,0,0,31.0,0,1,0,0,0,0.9375
0,3,34.5,0,0,6.4375,1,1,0,0,0,4.638655462184874
0,3,17.0,0,0,8.6625,1,1,0,1,0,1.7593790426908151
0,3,42.0,0,0,7.55,1,1,0,1,0,4.912280701754385
0,3,28.0,8,2,65.6563,1,0,0,1,0,0.4200653201572844
0,3,35.0,0,0,7.8958,1,1,0,0,0,3.9344409721441576
0,2,28.0,0,1,33.0,1,0,0,1,1,0.8235294117647058
1,1,28.0,1,0,65.6563,0,0,0,0,0,0.4200653201572844
0,3,4.0,4,2,31.275,0,0,0,1,0,0.12393493415956623
0,3,54.5,0,0,7.775,1,1,0,1,0,6.210826210826211
0,3,9.0,1,1,15.2458,0,0,0,0,0,0.553989338782947
1,1,16.0,0,1,39.4,0,0,0,1,0,0.39603960396039606
0,2,44.0,1,0,26.0,0,0,0,1,1,1.6296296296296295
1,3,18.0,0,1,9.35,0,0,0,1,0,1.7391304347826086
1,1,45.0,1,1,65.6563,0,0,0,1,0,0.6751049788242072
1,1,51.0,0,0,26.55,1,1,0,1,0,1.851179673321234
1,3,24.0,0,3,19.2583,0,0,0,0,0,1.184699604606507
0,3,28.0,0,0,7.2292,1,1,0,0,0,3.4025178632187822
0,3,41.0,2,0,14.1083,1,0,0,1,0,2.7137401295976384
0,2,21.0,1,0,11.5,1,0,0,1,1,1.68
1,1,48.0,0,0,25.9292,0,1,0,1,0,1.78245176239918
0,3,28.0,8,2,65.6563,0,0,0,1,0,0.4200653201572844
0,2,24.0,0,0,13.0,1,1,0,1,1,1.7142857142857142
1,2,42.0,0,0,13.0,0,1,0,1,1,3.0
1,2,27.0,1,0,13.8583,0,0,0,0,1,1.8171661630199956
0,1,31.0,0,0,50.4958,1,1,0,1,0,0.6019908419715783
0,3,28.0,0,0,9.5,1,1,0,1,0,2.6666666666666665
1,3,4.0,1,1,11.1333,0,0,0,1,0,0.3296712353605367
0,3,26.0,0,0,7.8958,1,1,0,1,0,2.922727579307088
1,1,47.0,1,1,52.5542,0,0,0,1,0,0.8776155745020932
0,1,33.0,0,0,5.0,1,1,0,1,0,5.5
0,3,47.0,0,0,9.0,1,1,0,1,0,4.7
1,2,28.0,1,0,24.0,0,0,0,0,1,1.12
1,3,15.0,0,0,7.225,0,1,0,0,0,1.8237082066869301
0,3,20.0,0,0,9.8458,1,1,0,1,0,1.8440317911080786
0,3,19.0,0,0,7.8958,1,1,0,1,0,2.1358393848782566
0,3,28.0,0,0,7.8958,1,1,0,1,0,3.147552777715326
1,1,54.5,0,1,65.6563,0,0,0,0,0,0.8176271410204287
1,2,25.0,0,1,26.0,0,0,0,1,1,0.9259259259259259
0,3,33.0,0,0,7.8958,1,1,0,1,0,3.7096157737359197
0,3,22.0,0,0,10.5167,0,1,0,1,0,1.9102694348207385
0,2,28.0,0,0,10.5,1,1,0,1,1,2.4347826086956523
0,3,25.0,0,0,7.05,1,1,0,1,0,3.105590062111801
0,3,39.0,0,5,29.125,0,0,1,0,0,1.2946058091286308
0,2,27.0,0,0,13.0,1,1,0,1,1,1.9285714285714286
1,1,19.0,0,0,30.0,0,1,0,1,0,0.6129032258064516
0,3,28.0,1,2,23.45,0,0,0,1,0,1.1451942740286298
1,1,26.0,0,0,30.0,1,1,0,0,0,0.8387096774193549
0,3,32.0,0,0,7.75,1,1,1,0,0,3.657142857142857
